"","Date","HomeTeam","AwayTeam","FTHG","FTAG","FTR","HTHG","HTAG","HTR","Season"
"4","14/08/93","Liverpool","Sheffield Weds",2,0,"H",NA,NA,"","1993-94"
"20","18/08/93","QPR","Liverpool",1,3,"A",NA,NA,"","1993-94"
"33","22/08/93","Swindon","Liverpool",0,5,"A",NA,NA,"","1993-94"
"40","25/08/93","Liverpool","Tottenham",1,2,"A",NA,NA,"","1993-94"
"49","28/08/93","Liverpool","Leeds",2,0,"H",NA,NA,"","1993-94"
"61","1/9/1993","Coventry","Liverpool",1,0,"H",NA,NA,"","1993-94"
"76","12/9/1993","Liverpool","Blackburn",0,1,"A",NA,NA,"","1993-94"
"80","18/09/93","Everton","Liverpool",2,0,"H",NA,NA,"","1993-94"
"91","25/09/93","Chelsea","Liverpool",1,0,"H",NA,NA,"","1993-94"
"102","2/10/1993","Liverpool","Arsenal",0,0,"D",NA,NA,"","1993-94"
"114","16/10/93","Liverpool","Oldham",2,1,"H",NA,NA,"","1993-94"
"125","23/10/93","Man City","Liverpool",1,1,"D",NA,NA,"","1993-94"
"137","30/10/93","Liverpool","Southampton",4,2,"H",NA,NA,"","1993-94"
"148","6/11/1993","Liverpool","West Ham",2,0,"H",NA,NA,"","1993-94"
"165","21/11/93","Newcastle","Liverpool",3,0,"H",NA,NA,"","1993-94"
"185","28/11/93","Liverpool","Aston Villa",2,1,"H",NA,NA,"","1993-94"
"193","4/12/1993","Sheffield Weds","Liverpool",3,1,"H",NA,NA,"","1993-94"
"202","8/12/1993","Liverpool","QPR",3,2,"H",NA,NA,"","1993-94"
"208","11/12/1993","Liverpool","Swindon",2,2,"D",NA,NA,"","1993-94"
"224","18/12/93","Tottenham","Liverpool",3,3,"D",NA,NA,"","1993-94"
"229","26/12/93","Sheffield United","Liverpool",0,0,"D",NA,NA,"","1993-94"
"238","28/12/93","Liverpool","Wimbledon",1,1,"D",NA,NA,"","1993-94"
"249","1/1/1994","Ipswich","Liverpool",1,2,"A",NA,NA,"","1993-94"
"263","4/1/1994","Liverpool","Man United",3,3,"D",NA,NA,"","1993-94"
"270","15/01/94","Oldham","Liverpool",0,3,"A",NA,NA,"","1993-94"
"280","22/01/94","Liverpool","Man City",2,1,"H",NA,NA,"","1993-94"
"291","5/2/1994","Norwich","Liverpool",2,2,"D",NA,NA,"","1993-94"
"305","14/02/94","Southampton","Liverpool",4,2,"H",NA,NA,"","1993-94"
"309","19/02/94","Leeds","Liverpool",2,0,"H",NA,NA,"","1993-94"
"316","26/02/94","Liverpool","Coventry",1,0,"H",NA,NA,"","1993-94"
"324","5/3/1994","Blackburn","Liverpool",2,0,"H",NA,NA,"","1993-94"
"340","13/03/94","Liverpool","Everton",2,1,"H",NA,NA,"","1993-94"
"348","19/03/94","Liverpool","Chelsea",2,1,"H",NA,NA,"","1993-94"
"359","26/03/94","Arsenal","Liverpool",1,0,"H",NA,NA,"","1993-94"
"373","30/03/94","Man United","Liverpool",1,0,"H",NA,NA,"","1993-94"
"381","2/4/1994","Liverpool","Sheffield United",1,2,"A",NA,NA,"","1993-94"
"397","4/4/1994","Wimbledon","Liverpool",1,1,"D",NA,NA,"","1993-94"
"399","9/4/1994","Liverpool","Ipswich",1,0,"H",NA,NA,"","1993-94"
"409","16/04/94","Liverpool","Newcastle",0,2,"A",NA,NA,"","1993-94"
"427","23/04/94","West Ham","Liverpool",1,2,"A",NA,NA,"","1993-94"
"437","30/04/94","Liverpool","Norwich",0,1,"A",NA,NA,"","1993-94"
"452","7/5/1994","Aston Villa","Liverpool",2,1,"H",NA,NA,"","1993-94"
"466","20/08/94","Crystal Palace","Liverpool",1,6,"A",NA,NA,"","1994-95"
"494","28/08/94","Liverpool","Arsenal",3,0,"H",NA,NA,"","1994-95"
"504","31/08/94","Southampton","Liverpool",0,2,"A",NA,NA,"","1994-95"
"508","10/9/1994","Liverpool","West Ham",0,0,"D",NA,NA,"","1994-95"
"521","17/09/94","Man United","Liverpool",2,0,"H",NA,NA,"","1994-95"
"534","24/09/94","Newcastle","Liverpool",1,1,"D",NA,NA,"","1994-95"
"542","1/10/1994","Liverpool","Sheffield Weds",4,1,"H",NA,NA,"","1994-95"
"551","8/10/1994","Liverpool","Aston Villa",3,2,"H",NA,NA,"","1994-95"
"563","15/10/94","Blackburn","Liverpool",3,2,"H",NA,NA,"","1994-95"
"574","22/10/94","Liverpool","Wimbledon",3,0,"H",NA,NA,"","1994-95"
"585","29/10/94","Ipswich","Liverpool",1,3,"A",NA,NA,"","1994-95"
"594","31/10/94","QPR","Liverpool",2,1,"H",NA,NA,"","1994-95"
"603","5/11/1994","Liverpool","Nott'm Forest",1,0,"H",NA,NA,"","1994-95"
"612","9/11/1994","Liverpool","Chelsea",3,1,"H",NA,NA,"","1994-95"
"625","21/11/94","Everton","Liverpool",2,0,"H",NA,NA,"","1994-95"
"633","26/11/94","Liverpool","Tottenham",1,1,"D",NA,NA,"","1994-95"
"639","3/12/1994","Coventry","Liverpool",1,1,"D",NA,NA,"","1994-95"
"659","11/12/1994","Liverpool","Crystal Palace",0,0,"D",NA,NA,"","1994-95"
"670","18/12/94","Chelsea","Liverpool",0,0,"D",NA,NA,"","1994-95"
"678","26/12/94","Leicester","Liverpool",1,2,"A",NA,NA,"","1994-95"
"687","28/12/94","Liverpool","Man City",2,0,"H",NA,NA,"","1994-95"
"697","31/12/94","Leeds","Liverpool",0,2,"A",NA,NA,"","1994-95"
"706","2/1/1995","Liverpool","Norwich",4,0,"H",NA,NA,"","1994-95"
"719","14/01/95","Liverpool","Ipswich",0,1,"A",NA,NA,"","1994-95"
"733","24/01/95","Liverpool","Everton",0,0,"D",NA,NA,"","1994-95"
"748","4/2/1995","Nott'm Forest","Liverpool",1,1,"D",NA,NA,"","1994-95"
"758","11/2/1995","Liverpool","QPR",1,1,"D",NA,NA,"","1994-95"
"779","25/02/95","Sheffield Weds","Liverpool",1,2,"A",NA,NA,"","1994-95"
"787","4/3/1995","Liverpool","Newcastle",2,0,"H",NA,NA,"","1994-95"
"810","14/03/95","Liverpool","Coventry",2,3,"A",NA,NA,"","1994-95"
"824","19/03/95","Liverpool","Man United",2,0,"H",NA,NA,"","1994-95"
"832","22/03/95","Tottenham","Liverpool",0,0,"D",NA,NA,"","1994-95"
"847","5/4/1995","Liverpool","Southampton",3,1,"H",NA,NA,"","1994-95"
"852","9/4/1995","Liverpool","Leeds",0,1,"A",NA,NA,"","1994-95"
"856","12/4/1995","Arsenal","Liverpool",0,1,"A",NA,NA,"","1994-95"
"862","14/04/95","Man City","Liverpool",2,1,"H",NA,NA,"","1994-95"
"872","17/04/95","Liverpool","Leicester",2,0,"H",NA,NA,"","1994-95"
"888","29/04/95","Norwich","Liverpool",1,2,"A",NA,NA,"","1994-95"
"892","2/5/1995","Wimbledon","Liverpool",0,0,"D",NA,NA,"","1994-95"
"899","6/5/1995","Aston Villa","Liverpool",2,0,"H",NA,NA,"","1994-95"
"913","10/5/1995","West Ham","Liverpool",3,0,"H",NA,NA,"","1994-95"
"917","14/05/95","Liverpool","Blackburn",2,1,"H",NA,NA,"","1994-95"
"928","19/08/95","Liverpool","Sheffield Weds",1,0,"H",0,0,"D","1995-96"
"935","21/08/95","Leeds","Liverpool",1,0,"H",0,0,"D","1995-96"
"952","26/08/95","Tottenham","Liverpool",1,3,"A",0,2,"A","1995-96"
"958","30/08/95","Liverpool","QPR",1,0,"H",1,0,"H","1995-96"
"971","9/9/1995","Wimbledon","Liverpool",1,0,"H",1,0,"H","1995-96"
"979","16/09/95","Liverpool","Blackburn",3,0,"H",3,0,"H","1995-96"
"988","23/09/95","Liverpool","Bolton",5,2,"H",2,0,"H","1995-96"
"1003","1/10/1995","Man United","Liverpool",2,2,"D",1,1,"D","1995-96"
"1009","14/10/95","Liverpool","Coventry",0,0,"D",0,0,"D","1995-96"
"1024","22/10/95","Southampton","Liverpool",1,3,"A",1,1,"D","1995-96"
"1028","28/10/95","Liverpool","Man City",6,0,"H",2,0,"H","1995-96"
"1040","4/11/1995","Newcastle","Liverpool",2,1,"H",1,1,"D","1995-96"
"1050","18/11/95","Liverpool","Everton",1,2,"A",0,0,"D","1995-96"
"1063","22/11/95","West Ham","Liverpool",0,0,"D",0,0,"D","1995-96"
"1068","25/11/95","Middlesbrough","Liverpool",2,1,"H",1,0,"H","1995-96"
"1078","2/12/1995","Liverpool","Southampton",1,1,"D",0,0,"D","1995-96"
"1084","9/12/1995","Bolton","Liverpool",0,1,"A",0,0,"D","1995-96"
"1102","17/12/95","Liverpool","Man United",2,0,"H",1,0,"H","1995-96"
"1105","23/12/95","Liverpool","Arsenal",3,1,"H",1,1,"D","1995-96"
"1125","30/12/95","Chelsea","Liverpool",2,2,"D",2,1,"H","1995-96"
"1131","1/1/1996","Liverpool","Nott'm Forest",4,2,"H",2,2,"D","1995-96"
"1146","13/01/96","Sheffield Weds","Liverpool",1,1,"D",1,0,"H","1995-96"
"1152","20/01/96","Liverpool","Leeds",5,0,"H",1,0,"H","1995-96"
"1159","31/01/96","Aston Villa","Liverpool",0,2,"A",0,0,"D","1995-96"
"1166","3/2/1996","Liverpool","Tottenham",0,0,"D",0,0,"D","1995-96"
"1180","11/2/1996","QPR","Liverpool",1,2,"A",0,2,"A","1995-96"
"1187","24/02/96","Blackburn","Liverpool",2,3,"A",1,2,"A","1995-96"
"1205","3/3/1996","Liverpool","Aston Villa",3,0,"H",3,0,"H","1995-96"
"1215","13/03/96","Liverpool","Wimbledon",2,2,"D",1,0,"H","1995-96"
"1217","16/03/96","Liverpool","Chelsea",2,0,"H",0,0,"D","1995-96"
"1234","23/03/96","Nott'm Forest","Liverpool",1,0,"H",1,0,"H","1995-96"
"1245","3/4/1996","Liverpool","Newcastle",4,3,"H",1,2,"A","1995-96"
"1249","6/4/1996","Coventry","Liverpool",1,0,"H",1,0,"H","1995-96"
"1260","8/4/1996","Liverpool","West Ham",2,0,"H",2,0,"H","1995-96"
"1275","16/04/96","Everton","Liverpool",1,1,"D",1,0,"H","1995-96"
"1285","27/04/96","Liverpool","Middlesbrough",1,0,"H",0,0,"D","1995-96"
"1292","1/5/1996","Arsenal","Liverpool",0,0,"D",0,0,"D","1995-96"
"1299","4/5/1996","Man City","Liverpool",2,2,"D",0,2,"A","1995-96"
"1310","17/08/96","Middlesbrough","Liverpool",3,3,"D",2,2,"D","1996-97"
"1315","19/08/96","Liverpool","Arsenal",2,0,"H",0,0,"D","1996-97"
"1328","24/08/96","Liverpool","Sunderland",0,0,"D",0,0,"D","1996-97"
"1338","4/9/1996","Coventry","Liverpool",0,1,"A",0,0,"D","1996-97"
"1347","7/9/1996","Liverpool","Southampton",2,1,"H",1,0,"H","1996-97"
"1363","15/09/96","Leicester","Liverpool",0,3,"A",0,0,"D","1996-97"
"1368","21/09/96","Liverpool","Chelsea",5,1,"H",3,0,"H","1996-97"
"1383","29/09/96","West Ham","Liverpool",1,2,"A",1,1,"D","1996-97"
"1390","12/10/1996","Man United","Liverpool",1,0,"H",1,0,"H","1996-97"
"1412","27/10/96","Liverpool","Derby",2,1,"H",0,0,"D","1996-97"
"1421","3/11/1996","Blackburn","Liverpool",3,0,"H",2,0,"H","1996-97"
"1427","16/11/96","Leeds","Liverpool",0,2,"A",0,1,"A","1996-97"
"1434","20/11/96","Liverpool","Everton",1,1,"D",1,0,"H","1996-97"
"1438","23/11/96","Liverpool","Wimbledon",1,1,"D",1,0,"H","1996-97"
"1454","2/12/1996","Tottenham","Liverpool",0,2,"A",0,1,"A","1996-97"
"1462","7/12/1996","Liverpool","Sheffield Weds",0,1,"A",0,1,"A","1996-97"
"1469","14/12/96","Liverpool","Middlesbrough",5,1,"H",3,0,"H","1996-97"
"1474","17/12/96","Liverpool","Nott'm Forest",4,2,"H",2,1,"H","1996-97"
"1484","23/12/96","Newcastle","Liverpool",1,1,"D",1,1,"D","1996-97"
"1488","26/12/96","Liverpool","Leicester",1,1,"D",0,0,"D","1996-97"
"1503","29/12/96","Southampton","Liverpool",0,1,"A",0,0,"D","1996-97"
"1505","1/1/1997","Chelsea","Liverpool",1,0,"H",1,0,"H","1996-97"
"1514","11/1/1997","Liverpool","West Ham",0,0,"D",0,0,"D","1996-97"
"1524","18/01/97","Liverpool","Aston Villa",3,0,"H",0,0,"D","1996-97"
"1541","1/2/1997","Derby","Liverpool",0,1,"A",0,0,"D","1996-97"
"1554","19/02/97","Liverpool","Leeds",4,0,"H",3,0,"H","1996-97"
"1558","22/02/97","Liverpool","Blackburn",0,0,"D",0,0,"D","1996-97"
"1575","2/3/1997","Aston Villa","Liverpool",1,0,"H",0,0,"D","1996-97"
"1587","10/3/1997","Liverpool","Newcastle",4,3,"H",3,0,"H","1996-97"
"1598","15/03/97","Nott'm Forest","Liverpool",1,1,"D",1,1,"D","1996-97"
"1615","24/03/97","Arsenal","Liverpool",1,2,"A",0,0,"D","1996-97"
"1623","6/4/1997","Liverpool","Coventry",1,2,"A",0,0,"D","1996-97"
"1637","13/04/97","Sunderland","Liverpool",1,2,"A",0,1,"A","1996-97"
"1638","16/04/97","Everton","Liverpool",1,1,"D",0,1,"A","1996-97"
"1644","19/04/97","Liverpool","Man United",1,3,"A",1,2,"A","1996-97"
"1663","3/5/1997","Liverpool","Tottenham",2,1,"H",2,1,"H","1996-97"
"1671","6/5/1997","Wimbledon","Liverpool",2,1,"H",1,0,"H","1996-97"
"1682","11/5/1997","Sheffield Weds","Liverpool",1,1,"D",0,0,"D","1996-97"
"1693","9/8/1997","Wimbledon","Liverpool",1,1,"D",0,0,"D","1997-98"
"1698","13/08/97","Liverpool","Leicester",1,2,"A",0,1,"A","1997-98"
"1702","23/08/97","Blackburn","Liverpool",1,1,"D",0,0,"D","1997-98"
"1713","26/08/97","Leeds","Liverpool",0,2,"A",0,1,"A","1997-98"
"1736","13/09/97","Liverpool","Sheffield Weds",2,1,"H",0,0,"D","1997-98"
"1745","20/09/97","Southampton","Liverpool",1,1,"D",0,1,"A","1997-98"
"1750","22/09/97","Liverpool","Aston Villa",3,0,"H",0,0,"D","1997-98"
"1768","27/09/97","West Ham","Liverpool",2,1,"H",1,0,"H","1997-98"
"1778","5/10/1997","Liverpool","Chelsea",4,2,"H",2,1,"H","1997-98"
"1785","18/10/97","Everton","Liverpool",2,0,"H",1,0,"H","1997-98"
"1792","25/10/97","Liverpool","Derby",4,0,"H",1,0,"H","1997-98"
"1803","1/11/1997","Bolton","Liverpool",1,1,"D",0,1,"A","1997-98"
"1814","8/11/1997","Liverpool","Tottenham",4,0,"H",0,0,"D","1997-98"
"1824","22/11/97","Liverpool","Barnsley",0,1,"A",0,1,"A","1997-98"
"1839","30/11/97","Arsenal","Liverpool",0,1,"A",0,0,"D","1997-98"
"1848","6/12/1997","Liverpool","Man United",1,3,"A",0,0,"D","1997-98"
"1857","13/12/97","Crystal Palace","Liverpool",0,3,"A",0,1,"A","1997-98"
"1869","20/12/97","Liverpool","Coventry",1,0,"H",1,0,"H","1997-98"
"1879","26/12/97","Liverpool","Leeds",3,1,"H",0,0,"D","1997-98"
"1889","28/12/97","Newcastle","Liverpool",1,2,"A",1,2,"A","1997-98"
"1898","10/1/1998","Liverpool","Wimbledon",2,0,"H",0,0,"D","1997-98"
"1907","17/01/98","Leicester","Liverpool",0,0,"D",0,0,"D","1997-98"
"1913","20/01/98","Liverpool","Newcastle",1,0,"H",1,0,"H","1997-98"
"1919","31/01/98","Liverpool","Blackburn",0,0,"D",0,0,"D","1997-98"
"1929","7/2/1998","Liverpool","Southampton",2,3,"A",1,1,"D","1997-98"
"1935","14/02/98","Sheffield Weds","Liverpool",3,3,"D",1,1,"D","1997-98"
"1948","23/02/98","Liverpool","Everton",1,1,"D",0,0,"D","1997-98"
"1949","28/02/98","Aston Villa","Liverpool",2,1,"H",1,1,"D","1997-98"
"1960","7/3/1998","Liverpool","Bolton",2,1,"H",0,1,"A","1997-98"
"1975","14/03/98","Tottenham","Liverpool",3,3,"D",1,1,"D","1997-98"
"1981","28/03/98","Barnsley","Liverpool",2,3,"A",1,1,"D","1997-98"
"2001","10/4/1998","Man United","Liverpool",1,1,"D",1,1,"D","1997-98"
"2013","13/04/98","Liverpool","Crystal Palace",2,1,"H",1,0,"H","1997-98"
"2028","19/04/98","Coventry","Liverpool",1,1,"D",0,1,"A","1997-98"
"2032","25/04/98","Chelsea","Liverpool",4,1,"H",1,1,"D","1997-98"
"2046","2/5/1998","Liverpool","West Ham",5,0,"H",4,0,"H","1997-98"
"2054","6/5/1998","Liverpool","Arsenal",4,0,"H",3,0,"H","1997-98"
"2060","10/5/1998","Derby","Liverpool",1,0,"H",0,0,"D","1997-98"
"2073","16/08/98","Southampton","Liverpool",1,2,"A",1,1,"D","1998-99"
"2079","22/08/98","Liverpool","Arsenal",0,0,"D",0,0,"D","1998-99"
"2093","30/08/98","Newcastle","Liverpool",1,4,"A",1,4,"A","1998-99"
"2100","9/9/1998","Liverpool","Coventry",2,0,"H",1,0,"H","1998-99"
"2112","12/9/1998","West Ham","Liverpool",2,1,"H",1,0,"H","1998-99"
"2117","19/09/98","Liverpool","Charlton",3,3,"D",1,1,"D","1998-99"
"2124","24/09/98","Man United","Liverpool",2,0,"H",1,0,"H","1998-99"
"2143","4/10/1998","Liverpool","Chelsea",1,1,"D",0,1,"A","1998-99"
"2146","17/10/98","Everton","Liverpool",0,0,"D",0,0,"D","1998-99"
"2157","24/10/98","Liverpool","Nott'm Forest",5,1,"H",3,1,"H","1998-99"
"2167","31/10/98","Leicester","Liverpool",1,0,"H",0,0,"D","1998-99"
"2176","7/11/1998","Liverpool","Derby",1,2,"A",0,2,"A","1998-99"
"2186","14/11/98","Liverpool","Leeds",1,3,"A",0,0,"D","1998-99"
"2193","21/11/98","Aston Villa","Liverpool",2,4,"A",0,2,"A","1998-99"
"2211","29/11/98","Liverpool","Blackburn",2,0,"H",2,0,"H","1998-99"
"2219","5/12/1998","Tottenham","Liverpool",2,1,"H",1,0,"H","1998-99"
"2232","13/12/98","Wimbledon","Liverpool",1,0,"H",0,0,"D","1998-99"
"2237","19/12/98","Liverpool","Sheffield Weds",2,0,"H",2,0,"H","1998-99"
"2250","26/12/98","Middlesbrough","Liverpool",1,3,"A",1,2,"A","1998-99"
"2259","28/12/98","Liverpool","Newcastle",4,2,"H",0,1,"A","1998-99"
"2265","9/1/1999","Arsenal","Liverpool",0,0,"D",0,0,"D","1998-99"
"2279","16/01/99","Liverpool","Southampton",7,1,"H",3,0,"H","1998-99"
"2286","30/01/99","Coventry","Liverpool",2,1,"H",0,0,"D","1998-99"
"2300","6/2/1999","Liverpool","Middlesbrough",3,1,"H",3,0,"H","1998-99"
"2306","13/02/99","Charlton","Liverpool",1,0,"H",0,0,"D","1998-99"
"2318","20/02/99","Liverpool","West Ham",2,2,"D",2,1,"H","1998-99"
"2325","27/02/99","Chelsea","Liverpool",2,1,"H",2,0,"H","1998-99"
"2345","13/03/99","Derby","Liverpool",3,2,"H",2,1,"H","1998-99"
"2366","3/4/1999","Liverpool","Everton",3,2,"H",2,1,"H","1998-99"
"2375","5/4/1999","Nott'm Forest","Liverpool",2,2,"D",0,1,"A","1998-99"
"2385","12/4/1999","Leeds","Liverpool",0,0,"D",0,0,"D","1998-99"
"2389","17/04/99","Liverpool","Aston Villa",0,1,"A",0,1,"A","1998-99"
"2398","21/04/99","Liverpool","Leicester",0,1,"A",0,0,"D","1998-99"
"2401","24/04/99","Blackburn","Liverpool",1,3,"A",0,3,"A","1998-99"
"2413","1/5/1999","Liverpool","Tottenham",3,2,"H",0,2,"A","1998-99"
"2422","5/5/1999","Liverpool","Man United",2,2,"D",0,1,"A","1998-99"
"2429","8/5/1999","Sheffield Weds","Liverpool",1,0,"H",0,0,"D","1998-99"
"2439","16/05/99","Liverpool","Wimbledon",3,0,"H",1,0,"H","1998-99"
"2451","7/8/1999","Sheffield Weds","Liverpool",1,2,"A",0,0,"D","1999-00"
"2466","14/08/99","Liverpool","Watford",0,1,"A",0,1,"A","1999-00"
"2477","21/08/99","Middlesbrough","Liverpool",1,0,"H",0,0,"D","1999-00"
"2483","23/08/99","Leeds","Liverpool",1,2,"A",1,1,"D","1999-00"
"2494","28/08/99","Liverpool","Arsenal",2,0,"H",1,0,"H","1999-00"
"2504","11/9/1999","Liverpool","Man United",2,3,"A",1,3,"A","1999-00"
"2513","18/09/99","Leicester","Liverpool",2,2,"D",1,2,"A","1999-00"
"2530","27/09/99","Liverpool","Everton",0,1,"A",0,1,"A","1999-00"
"2531","2/10/1999","Aston Villa","Liverpool",0,0,"D",0,0,"D","1999-00"
"2546","16/10/99","Liverpool","Chelsea",1,0,"H",0,0,"D","1999-00"
"2555","23/10/99","Southampton","Liverpool",1,1,"D",1,0,"H","1999-00"
"2561","27/10/99","Liverpool","West Ham",1,0,"H",1,0,"H","1999-00"
"2571","1/11/1999","Liverpool","Bradford",3,1,"H",2,1,"H","1999-00"
"2574","6/11/1999","Liverpool","Derby",2,0,"H",0,0,"D","1999-00"
"2588","20/11/99","Sunderland","Liverpool",0,2,"A",0,0,"D","1999-00"
"2596","27/11/99","West Ham","Liverpool",1,0,"H",1,0,"H","1999-00"
"2609","5/12/1999","Liverpool","Sheffield Weds",4,1,"H",2,1,"H","1999-00"
"2615","18/12/99","Liverpool","Coventry",2,0,"H",1,0,"H","1999-00"
"2626","26/12/99","Newcastle","Liverpool",2,2,"D",1,1,"D","1999-00"
"2634","28/12/99","Liverpool","Wimbledon",3,1,"H",0,0,"D","1999-00"
"2646","3/1/2000","Tottenham","Liverpool",1,0,"H",1,0,"H","1999-00"
"2657","15/01/00","Watford","Liverpool",2,3,"A",1,2,"A","1999-00"
"2664","22/01/00","Liverpool","Middlesbrough",0,0,"D",0,0,"D","1999-00"
"2676","5/2/2000","Liverpool","Leeds",3,1,"H",1,0,"H","1999-00"
"2690","13/02/00","Arsenal","Liverpool",0,1,"A",0,1,"A","1999-00"
"2705","4/3/2000","Man United","Liverpool",1,1,"D",1,1,"D","1999-00"
"2716","11/3/2000","Liverpool","Sunderland",1,1,"D",1,0,"H","1999-00"
"2725","15/03/00","Liverpool","Aston Villa",0,0,"D",0,0,"D","1999-00"
"2727","18/03/00","Derby","Liverpool",0,2,"A",0,1,"A","1999-00"
"2739","25/03/00","Liverpool","Newcastle",2,1,"H",0,0,"D","1999-00"
"2746","1/4/2000","Coventry","Liverpool",0,3,"A",0,2,"A","1999-00"
"2761","9/4/2000","Liverpool","Tottenham",2,0,"H",1,0,"H","1999-00"
"2775","16/04/00","Wimbledon","Liverpool",1,2,"A",0,1,"A","1999-00"
"2778","21/04/00","Everton","Liverpool",0,0,"D",0,0,"D","1999-00"
"2791","29/04/00","Chelsea","Liverpool",2,0,"H",2,0,"H","1999-00"
"2803","3/5/2000","Liverpool","Leicester",0,2,"A",0,1,"A","1999-00"
"2812","7/5/2000","Liverpool","Southampton",0,0,"D",0,0,"D","1999-00"
"2816","14/05/00","Bradford","Liverpool",1,0,"H",1,0,"H","1999-00"
"2831","19/08/00","Liverpool","Bradford",1,0,"H",0,0,"D","2000-01"
"2835","21/08/00","Arsenal","Liverpool",2,0,"H",1,0,"H","2000-01"
"2851","26/08/00","Southampton","Liverpool",3,3,"D",0,1,"A","2000-01"
"2863","6/9/2000","Liverpool","Aston Villa",3,1,"H",3,0,"H","2000-01"
"2868","9/9/2000","Liverpool","Man City",3,2,"H",1,0,"H","2000-01"
"2883","17/09/00","West Ham","Liverpool",1,1,"D",0,1,"A","2000-01"
"2888","23/09/00","Liverpool","Sunderland",1,1,"D",1,1,"D","2000-01"
"2902","1/10/2000","Chelsea","Liverpool",3,0,"H",2,0,"H","2000-01"
"2912","15/10/00","Derby","Liverpool",0,4,"A",0,1,"A","2000-01"
"2917","21/10/00","Liverpool","Leicester",1,0,"H",0,0,"D","2000-01"
"2933","29/10/00","Liverpool","Everton",3,1,"H",1,1,"D","2000-01"
"2936","4/11/2000","Leeds","Liverpool",4,3,"H",1,2,"A","2000-01"
"2953","12/11/2000","Liverpool","Coventry",4,1,"H",1,0,"H","2000-01"
"2962","19/11/00","Tottenham","Liverpool",2,1,"H",2,1,"H","2000-01"
"2973","26/11/00","Newcastle","Liverpool",2,1,"H",1,0,"H","2000-01"
"2979","2/12/2000","Liverpool","Charlton",3,0,"H",1,0,"H","2000-01"
"2993","10/12/2000","Liverpool","Ipswich",0,1,"A",0,1,"A","2000-01"
"3002","17/12/00","Man United","Liverpool",0,1,"A",0,1,"A","2000-01"
"3010","23/12/00","Liverpool","Arsenal",4,0,"H",1,0,"H","2000-01"
"3020","26/12/00","Middlesbrough","Liverpool",1,0,"H",1,0,"H","2000-01"
"3036","1/1/2001","Liverpool","Southampton",2,1,"H",1,1,"D","2000-01"
"3041","13/01/01","Aston Villa","Liverpool",0,3,"A",0,2,"A","2000-01"
"3055","20/01/01","Liverpool","Middlesbrough",0,0,"D",0,0,"D","2000-01"
"3066","31/01/01","Man City","Liverpool",1,1,"D",0,1,"A","2000-01"
"3075","3/2/2001","Liverpool","West Ham",3,0,"H",2,0,"H","2000-01"
"3087","10/2/2001","Sunderland","Liverpool",1,1,"D",0,0,"D","2000-01"
"3104","3/3/2001","Leicester","Liverpool",2,0,"H",0,0,"D","2000-01"
"3120","18/03/01","Liverpool","Derby",1,1,"D",0,1,"A","2000-01"
"3125","31/03/01","Liverpool","Man United",2,0,"H",2,0,"H","2000-01"
"3138","10/4/2001","Ipswich","Liverpool",1,1,"D",0,0,"D","2000-01"
"3143","13/04/01","Liverpool","Leeds",1,2,"A",0,2,"A","2000-01"
"3154","16/04/01","Everton","Liverpool",2,3,"A",1,1,"D","2000-01"
"3168","22/04/01","Liverpool","Tottenham",3,1,"H",1,1,"D","2000-01"
"3169","28/04/01","Coventry","Liverpool",0,2,"A",0,0,"D","2000-01"
"3179","1/5/2001","Bradford","Liverpool",0,2,"A",0,0,"D","2000-01"
"3186","5/5/2001","Liverpool","Newcastle",3,0,"H",1,0,"H","2000-01"
"3191","8/5/2001","Liverpool","Chelsea",2,2,"D",1,1,"D","2000-01"
"3195","19/05/01","Charlton","Liverpool",0,4,"A",0,0,"D","2000-01"
"3209","18/08/01","Liverpool","West Ham",2,1,"H",1,1,"D","2001-02"
"3230","27/08/01","Bolton","Liverpool",2,1,"H",1,0,"H","2001-02"
"3235","8/9/2001","Liverpool","Aston Villa",1,3,"A",0,1,"A","2001-02"
"3243","15/09/01","Everton","Liverpool",1,3,"A",1,2,"A","2001-02"
"3257","22/09/01","Liverpool","Tottenham",1,0,"H",0,0,"D","2001-02"
"3274","30/09/01","Newcastle","Liverpool",0,2,"A",0,1,"A","2001-02"
"3279","13/10/01","Liverpool","Leeds",1,1,"D",0,1,"A","2001-02"
"3288","20/10/01","Leicester","Liverpool",1,4,"A",0,3,"A","2001-02"
"3299","27/10/01","Charlton","Liverpool",0,2,"A",0,2,"A","2001-02"
"3317","4/11/2001","Liverpool","Man United",3,1,"H",2,0,"H","2001-02"
"3319","17/11/01","Blackburn","Liverpool",1,1,"D",0,1,"A","2001-02"
"3336","25/11/01","Liverpool","Sunderland",1,0,"H",1,0,"H","2001-02"
"3341","1/12/2001","Derby","Liverpool",0,1,"A",0,1,"A","2001-02"
"3354","8/12/2001","Liverpool","Middlesbrough",2,0,"H",2,0,"H","2001-02"
"3360","12/12/2001","Liverpool","Fulham",0,0,"D",0,0,"D","2001-02"
"3369","16/12/01","Chelsea","Liverpool",4,0,"H",2,0,"H","2001-02"
"3382","23/12/01","Liverpool","Arsenal",1,2,"A",0,1,"A","2001-02"
"3384","26/12/01","Aston Villa","Liverpool",1,2,"A",1,1,"D","2001-02"
"3401","29/12/01","West Ham","Liverpool",1,1,"D",1,0,"H","2001-02"
"3406","1/1/2002","Liverpool","Bolton",1,1,"D",0,0,"D","2001-02"
"3412","9/1/2002","Southampton","Liverpool",2,0,"H",0,0,"D","2001-02"
"3421","13/01/02","Arsenal","Liverpool",1,1,"D",0,0,"D","2001-02"
"3425","19/01/02","Liverpool","Southampton",1,1,"D",1,0,"H","2001-02"
"3433","22/01/02","Man United","Liverpool",0,1,"A",0,0,"D","2001-02"
"3442","30/01/02","Liverpool","Leicester",1,0,"H",0,0,"D","2001-02"
"3453","3/2/2002","Leeds","Liverpool",0,4,"A",0,1,"A","2001-02"
"3459","9/2/2002","Ipswich","Liverpool",0,6,"A",0,2,"A","2001-02"
"3468","23/02/02","Liverpool","Everton",1,1,"D",0,0,"D","2001-02"
"3477","2/3/2002","Fulham","Liverpool",0,2,"A",0,1,"A","2001-02"
"3489","6/3/2002","Liverpool","Newcastle",3,0,"H",1,0,"H","2001-02"
"3499","16/03/02","Middlesbrough","Liverpool",1,2,"A",0,1,"A","2001-02"
"3513","24/03/02","Liverpool","Chelsea",1,0,"H",0,0,"D","2001-02"
"3520","30/03/02","Liverpool","Charlton",2,0,"H",2,0,"H","2001-02"
"3547","13/04/02","Sunderland","Liverpool",0,1,"A",0,0,"D","2001-02"
"3553","20/04/02","Liverpool","Derby",2,0,"H",1,0,"H","2001-02"
"3570","27/04/02","Tottenham","Liverpool",1,0,"H",1,0,"H","2001-02"
"3573","8/5/2002","Liverpool","Blackburn",4,3,"H",2,1,"H","2001-02"
"3580","11/5/2002","Liverpool","Ipswich",5,0,"H",2,0,"H","2001-02"
"3593","18/08/2002","Aston Villa","Liverpool",0,1,"A",0,0,"D","2002-03"
"3598","24/08/2002","Liverpool","Southampton",3,0,"H",1,0,"H","2002-03"
"3608","28/08/2002","Blackburn","Liverpool",2,2,"D",1,1,"D","2002-03"
"3621","2/9/2002","Liverpool","Newcastle",2,2,"D",0,0,"D","2002-03"
"3628","11/9/2002","Liverpool","Birmingham",2,2,"D",1,0,"H","2002-03"
"3633","14/09/2002","Bolton","Liverpool",2,3,"A",0,1,"A","2002-03"
"3644","21/09/2002","Liverpool","West Brom",2,0,"H",0,0,"D","2002-03"
"3659","28/09/2002","Man City","Liverpool",0,3,"A",0,1,"A","2002-03"
"3671","6/10/2002","Liverpool","Chelsea",1,0,"H",0,0,"D","2002-03"
"3676","19/10/2002","Leeds","Liverpool",0,1,"A",0,0,"D","2002-03"
"3687","26/10/2002","Liverpool","Tottenham",2,1,"H",0,0,"D","2002-03"
"3695","2/11/2002","Liverpool","West Ham",2,0,"H",1,0,"H","2002-03"
"3710","9/11/2002","Middlesboro","Liverpool",1,0,"H",0,0,"D","2002-03"
"3722","17/11/2002","Liverpool","Sunderland",0,0,"D",0,0,"D","2002-03"
"3727","23/11/2002","Fulham","Liverpool",3,2,"H",2,0,"H","2002-03"
"3741","1/12/2002","Liverpool","Man United",1,2,"A",0,0,"D","2002-03"
"3746","7/12/2002","Charlton","Liverpool",2,0,"H",1,0,"H","2002-03"
"3761","15/12/2002","Sunderland","Liverpool",2,1,"H",1,0,"H","2002-03"
"3772","22/12/2002","Liverpool","Everton",0,0,"D",0,0,"D","2002-03"
"3777","26/12/2002","Liverpool","Blackburn",1,1,"D",1,0,"H","2002-03"
"3792","29/12/2002","Arsenal","Liverpool",1,1,"D",0,0,"D","2002-03"
"3800","1/1/2003","Newcastle","Liverpool",1,0,"H",1,0,"H","2002-03"
"3804","11/1/2003","Liverpool","Aston Villa",1,1,"D",1,0,"H","2002-03"
"3819","18/01/2003","Southampton","Liverpool",0,1,"A",0,1,"A","2002-03"
"3828","29/01/2003","Liverpool","Arsenal",2,2,"D",0,1,"A","2002-03"
"3841","2/2/2003","West Ham","Liverpool",0,3,"A",0,2,"A","2002-03"
"3848","8/2/2003","Liverpool","Middlesboro",1,1,"D",0,1,"A","2002-03"
"3861","23/02/2003","Birmingham","Liverpool",2,1,"H",1,0,"H","2002-03"
"3874","8/3/2003","Liverpool","Bolton",2,0,"H",1,0,"H","2002-03"
"3883","16/03/2003","Tottenham","Liverpool",2,3,"A",0,0,"D","2002-03"
"3893","23/03/2003","Liverpool","Leeds",3,1,"H",2,1,"H","2002-03"
"3898","5/4/2003","Man United","Liverpool",4,0,"H",1,0,"H","2002-03"
"3909","12/4/2003","Liverpool","Fulham",2,0,"H",1,0,"H","2002-03"
"3919","19/04/2003","Everton","Liverpool",1,2,"A",0,1,"A","2002-03"
"3928","21/04/2003","Liverpool","Charlton",2,1,"H",0,0,"D","2002-03"
"3941","26/04/2003","West Brom","Liverpool",0,6,"A",0,1,"A","2002-03"
"3947","3/5/2003","Liverpool","Man City",1,2,"A",0,0,"D","2002-03"
"3958","11/5/2003","Chelsea","Liverpool",2,1,"H",2,1,"H","2002-03"
"3974","17/08/03","Liverpool","Chelsea",1,2,"A",0,1,"A","2003-04"
"3983","24/08/03","Aston Villa","Liverpool",0,0,"D",0,0,"D","2003-04"
"3991","27/08/03","Liverpool","Tottenham",0,0,"D",0,0,"D","2003-04"
"3996","30/08/03","Everton","Liverpool",0,3,"A",0,1,"A","2003-04"
"4004","13/09/03","Blackburn","Liverpool",1,3,"A",1,1,"D","2003-04"
"4016","20/09/03","Liverpool","Leicester",2,1,"H",1,0,"H","2003-04"
"4030","28/09/03","Charlton","Liverpool",3,2,"H",2,1,"H","2003-04"
"4035","4/10/2003","Liverpool","Arsenal",1,2,"A",1,1,"D","2003-04"
"4049","18/10/03","Portsmouth","Liverpool",1,0,"H",1,0,"H","2003-04"
"4058","25/10/03","Liverpool","Leeds",3,1,"H",1,1,"D","2003-04"
"4072","2/11/2003","Fulham","Liverpool",1,2,"A",1,1,"D","2003-04"
"4082","9/11/2003","Liverpool","Man United",1,2,"A",0,0,"D","2003-04"
"4090","22/11/03","Middlesbrough","Liverpool",0,0,"D",0,0,"D","2003-04"
"4103","30/11/03","Liverpool","Birmingham",3,1,"H",1,1,"D","2003-04"
"4111","6/12/2003","Newcastle","Liverpool",1,1,"D",0,1,"A","2003-04"
"4117","13/12/03","Liverpool","Southampton",1,2,"A",0,1,"A","2003-04"
"4140","26/12/03","Liverpool","Bolton",3,1,"H",1,0,"H","2003-04"
"4147","28/12/03","Man City","Liverpool",2,2,"D",1,0,"H","2003-04"
"4155","7/1/2004","Chelsea","Liverpool",0,1,"A",0,1,"A","2003-04"
"4169","10/1/2004","Liverpool","Aston Villa",1,0,"H",1,0,"H","2003-04"
"4178","17/01/04","Tottenham","Liverpool",2,1,"H",1,0,"H","2003-04"
"4183","21/01/04","Wolves","Liverpool",1,1,"D",0,1,"A","2003-04"
"4189","31/01/04","Liverpool","Everton",0,0,"D",0,0,"D","2003-04"
"4195","7/2/2004","Bolton","Liverpool",2,2,"D",1,0,"H","2003-04"
"4211","11/2/2004","Liverpool","Man City",2,1,"H",1,0,"H","2003-04"
"4229","29/02/04","Leeds","Liverpool",2,2,"D",2,2,"D","2003-04"
"4241","14/03/04","Southampton","Liverpool",2,0,"H",0,0,"D","2003-04"
"4244","17/03/04","Liverpool","Portsmouth",3,0,"H",2,0,"H","2003-04"
"4249","20/03/04","Liverpool","Wolves",1,0,"H",0,0,"D","2003-04"
"4264","28/03/04","Leicester","Liverpool",0,0,"D",0,0,"D","2003-04"
"4271","4/4/2004","Liverpool","Blackburn",4,0,"H",3,0,"H","2003-04"
"4273","9/4/2004","Arsenal","Liverpool",4,2,"H",1,2,"A","2003-04"
"4285","12/4/2004","Liverpool","Charlton",0,1,"A",0,0,"D","2003-04"
"4297","17/04/04","Liverpool","Fulham",0,0,"D",0,0,"D","2003-04"
"4306","24/04/04","Man United","Liverpool",0,1,"A",0,0,"D","2003-04"
"4322","2/5/2004","Liverpool","Middlesbrough",2,0,"H",0,0,"D","2003-04"
"4324","8/5/2004","Birmingham","Liverpool",0,3,"A",0,1,"A","2003-04"
"4341","15/05/04","Liverpool","Newcastle",1,1,"D",0,1,"A","2003-04"
"4352","14/08/04","Tottenham","Liverpool",1,1,"D",0,1,"A","2004-05"
"4359","21/08/04","Liverpool","Man City",2,1,"H",0,1,"A","2004-05"
"4381","29/08/04","Bolton","Liverpool",1,0,"H",1,0,"H","2004-05"
"4387","11/9/2004","Liverpool","West Brom",3,0,"H",2,0,"H","2004-05"
"4403","20/09/04","Man United","Liverpool",2,1,"H",1,0,"H","2004-05"
"4407","25/09/04","Liverpool","Norwich",3,0,"H",2,0,"H","2004-05"
"4421","3/10/2004","Chelsea","Liverpool",1,0,"H",0,0,"D","2004-05"
"4429","16/10/04","Fulham","Liverpool",2,4,"A",2,0,"H","2004-05"
"4437","23/10/04","Liverpool","Charlton",2,0,"H",0,0,"D","2004-05"
"4446","30/10/04","Blackburn","Liverpool",2,2,"D",2,1,"H","2004-05"
"4457","6/11/2004","Liverpool","Birmingham",0,1,"A",0,0,"D","2004-05"
"4468","13/11/04","Liverpool","Crystal Palace",3,2,"H",2,1,"H","2004-05"
"4479","20/11/04","Middlesbrough","Liverpool",2,0,"H",1,0,"H","2004-05"
"4491","28/11/04","Liverpool","Arsenal",2,1,"H",1,0,"H","2004-05"
"4495","4/12/2004","Aston Villa","Liverpool",1,1,"D",1,1,"D","2004-05"
"4505","11/12/2004","Everton","Liverpool",1,0,"H",0,0,"D","2004-05"
"4514","14/12/04","Liverpool","Portsmouth",1,1,"D",0,0,"D","2004-05"
"4522","19/12/04","Liverpool","Newcastle",3,1,"H",2,1,"H","2004-05"
"4534","26/12/04","West Brom","Liverpool",0,5,"A",0,1,"A","2004-05"
"4539","28/12/04","Liverpool","Southampton",1,0,"H",1,0,"H","2004-05"
"4549","1/1/2005","Liverpool","Chelsea",0,1,"A",0,0,"D","2004-05"
"4557","3/1/2005","Norwich","Liverpool",1,2,"A",0,0,"D","2004-05"
"4568","15/01/05","Liverpool","Man United",0,1,"A",0,1,"A","2004-05"
"4581","22/01/05","Southampton","Liverpool",2,0,"H",2,0,"H","2004-05"
"4587","1/2/2005","Charlton","Liverpool",1,2,"A",1,0,"H","2004-05"
"4597","5/2/2005","Liverpool","Fulham",3,1,"H",1,1,"D","2004-05"
"4605","12/2/2005","Birmingham","Liverpool",2,0,"H",2,0,"H","2004-05"
"4625","5/3/2005","Newcastle","Liverpool",1,0,"H",0,0,"D","2004-05"
"4633","16/03/05","Liverpool","Blackburn",0,0,"D",0,0,"D","2004-05"
"4642","20/03/05","Liverpool","Everton",2,1,"H",2,0,"H","2004-05"
"4648","2/4/2005","Liverpool","Bolton",1,0,"H",0,0,"D","2004-05"
"4657","9/4/2005","Man City","Liverpool",1,0,"H",0,0,"D","2004-05"
"4668","16/04/05","Liverpool","Tottenham",2,2,"D",1,1,"D","2004-05"
"4678","20/04/05","Portsmouth","Liverpool",1,2,"A",1,2,"A","2004-05"
"4683","23/04/05","Crystal Palace","Liverpool",1,0,"H",1,0,"H","2004-05"
"4695","30/04/05","Liverpool","Middlesbrough",1,1,"D",0,1,"A","2004-05"
"4712","8/5/2005","Arsenal","Liverpool",3,1,"H",2,0,"H","2004-05"
"4719","15/05/05","Liverpool","Aston Villa",2,1,"H",2,0,"H","2004-05"
"4729","13/08/05","Middlesbrough","Liverpool",0,0,"D",0,0,"D","2005-06"
"4738","20/08/05","Liverpool","Sunderland",1,0,"H",1,0,"H","2005-06"
"4767","10/9/2005","Tottenham","Liverpool",0,0,"D",0,0,"D","2005-06"
"4777","18/09/05","Liverpool","Man United",0,0,"D",0,0,"D","2005-06"
"4781","24/09/05","Birmingham","Liverpool",2,2,"D",0,0,"D","2005-06"
"4798","2/10/2005","Liverpool","Chelsea",1,4,"A",1,2,"A","2005-06"
"4802","15/10/05","Liverpool","Blackburn",1,0,"H",0,0,"D","2005-06"
"4814","22/10/05","Fulham","Liverpool",2,0,"H",1,0,"H","2005-06"
"4824","29/10/05","Liverpool","West Ham",2,0,"H",1,0,"H","2005-06"
"4832","5/11/2005","Aston Villa","Liverpool",0,2,"A",0,0,"D","2005-06"
"4843","19/11/05","Liverpool","Portsmouth",3,0,"H",2,0,"H","2005-06"
"4852","26/11/05","Man City","Liverpool",0,1,"A",0,0,"D","2005-06"
"4860","30/11/05","Sunderland","Liverpool",0,2,"A",0,2,"A","2005-06"
"4864","3/12/2005","Liverpool","Wigan",3,0,"H",2,0,"H","2005-06"
"4876","10/12/2005","Liverpool","Middlesbrough",2,0,"H",0,0,"D","2005-06"
"4895","26/12/05","Liverpool","Newcastle",2,0,"H",2,0,"H","2005-06"
"4904","28/12/05","Everton","Liverpool",1,3,"A",1,2,"A","2005-06"
"4912","31/12/05","Liverpool","West Brom",1,0,"H",0,0,"D","2005-06"
"4921","2/1/2006","Bolton","Liverpool",2,2,"D",1,0,"H","2005-06"
"4934","14/01/06","Liverpool","Tottenham",1,0,"H",0,0,"D","2005-06"
"4947","22/01/06","Man United","Liverpool",1,0,"H",0,0,"D","2005-06"
"4956","1/2/2006","Liverpool","Birmingham",1,1,"D",0,0,"D","2005-06"
"4967","5/2/2006","Chelsea","Liverpool",2,0,"H",1,0,"H","2005-06"
"4969","8/2/2006","Charlton","Liverpool",2,0,"H",2,0,"H","2005-06"
"4976","11/2/2006","Wigan","Liverpool",0,1,"A",0,1,"A","2005-06"
"4980","14/02/06","Liverpool","Arsenal",1,0,"H",0,0,"D","2005-06"
"4990","26/02/06","Liverpool","Man City",1,0,"H",1,0,"H","2005-06"
"4994","4/3/2006","Liverpool","Charlton",0,0,"D",0,0,"D","2005-06"
"5009","12/3/2006","Arsenal","Liverpool",2,1,"H",1,0,"H","2005-06"
"5012","15/03/06","Liverpool","Fulham",5,1,"H",2,1,"H","2005-06"
"5022","19/03/06","Newcastle","Liverpool",1,3,"A",1,2,"A","2005-06"
"5025","25/03/06","Liverpool","Everton",3,1,"H",1,0,"H","2005-06"
"5039","1/4/2006","West Brom","Liverpool",0,2,"A",0,2,"A","2005-06"
"5050","9/4/2006","Liverpool","Bolton",1,0,"H",1,0,"H","2005-06"
"5063","16/04/06","Blackburn","Liverpool",0,1,"A",0,1,"A","2005-06"
"5079","26/04/06","West Ham","Liverpool",1,2,"A",0,1,"A","2005-06"
"5083","29/04/06","Liverpool","Aston Villa",3,1,"H",1,0,"H","2005-06"
"5103","7/5/2006","Portsmouth","Liverpool",1,3,"A",0,0,"D","2005-06"
"5111","19/08/06","Sheffield United","Liverpool",1,1,"D",0,0,"D","2006-07"
"5125","26/08/06","Liverpool","West Ham",2,1,"H",2,1,"H","2006-07"
"5136","9/9/2006","Everton","Liverpool",3,0,"H",2,0,"H","2006-07"
"5149","17/09/06","Chelsea","Liverpool",1,0,"H",1,0,"H","2006-07"
"5153","20/09/06","Liverpool","Newcastle",2,0,"H",1,0,"H","2006-07"
"5157","23/09/06","Liverpool","Tottenham",3,0,"H",0,0,"D","2006-07"
"5164","30/09/06","Bolton","Liverpool",2,0,"H",1,0,"H","2006-07"
"5176","14/10/06","Liverpool","Blackburn",1,1,"D",0,1,"A","2006-07"
"5190","22/10/06","Man United","Liverpool",2,0,"H",1,0,"H","2006-07"
"5197","28/10/06","Liverpool","Aston Villa",3,1,"H",3,0,"H","2006-07"
"5207","4/11/2006","Liverpool","Reading",2,0,"H",1,0,"H","2006-07"
"5222","12/11/2006","Arsenal","Liverpool",3,0,"H",1,0,"H","2006-07"
"5228","18/11/06","Middlesbrough","Liverpool",0,0,"D",0,0,"D","2006-07"
"5238","25/11/06","Liverpool","Man City",1,0,"H",0,0,"D","2006-07"
"5247","29/11/06","Liverpool","Portsmouth",0,0,"D",0,0,"D","2006-07"
"5255","2/12/2006","Wigan","Liverpool",0,4,"A",0,4,"A","2006-07"
"5264","9/12/2006","Liverpool","Fulham",4,0,"H",0,0,"D","2006-07"
"5276","16/12/06","Charlton","Liverpool",0,3,"A",0,1,"A","2006-07"
"5287","23/12/06","Liverpool","Watford",2,0,"H",0,0,"D","2006-07"
"5294","26/12/06","Blackburn","Liverpool",1,0,"H",0,0,"D","2006-07"
"5311","30/12/06","Tottenham","Liverpool",0,1,"A",0,1,"A","2006-07"
"5314","1/1/2007","Liverpool","Bolton",3,0,"H",0,0,"D","2006-07"
"5329","13/01/07","Watford","Liverpool",0,3,"A",0,2,"A","2006-07"
"5335","20/01/07","Liverpool","Chelsea",2,0,"H",2,0,"H","2006-07"
"5347","30/01/07","West Ham","Liverpool",1,2,"A",0,0,"D","2006-07"
"5356","3/2/2007","Liverpool","Everton",0,0,"D",0,0,"D","2006-07"
"5365","10/2/2007","Newcastle","Liverpool",2,1,"H",1,1,"D","2006-07"
"5376","24/02/07","Liverpool","Sheffield United",4,0,"H",2,0,"H","2006-07"
"5384","3/3/2007","Liverpool","Man United",0,1,"A",0,0,"D","2006-07"
"5401","18/03/07","Aston Villa","Liverpool",0,0,"D",0,0,"D","2006-07"
"5407","31/03/07","Liverpool","Arsenal",4,1,"H",2,0,"H","2006-07"
"5421","7/4/2007","Reading","Liverpool",1,2,"A",0,1,"A","2006-07"
"5431","14/04/07","Man City","Liverpool",0,0,"D",0,0,"D","2006-07"
"5441","18/04/07","Liverpool","Middlesbrough",2,0,"H",0,0,"D","2006-07"
"5446","21/04/07","Liverpool","Wigan",2,0,"H",1,0,"H","2006-07"
"5458","28/04/07","Portsmouth","Liverpool",2,1,"H",2,0,"H","2006-07"
"5465","5/5/2007","Fulham","Liverpool",1,0,"H",0,0,"D","2006-07"
"5478","13/05/07","Liverpool","Charlton",2,2,"D",0,1,"A","2006-07"
"5485","11/8/2007","Aston Villa","Liverpool",1,2,"A",0,1,"A","2007-08"
"5510","19/08/07","Liverpool","Chelsea",1,1,"D",1,0,"H","2007-08"
"5518","25/08/07","Sunderland","Liverpool",0,2,"A",0,1,"A","2007-08"
"5524","1/9/2007","Liverpool","Derby",6,0,"H",2,0,"H","2007-08"
"5535","15/09/07","Portsmouth","Liverpool",0,0,"D",0,0,"D","2007-08"
"5544","22/09/07","Liverpool","Birmingham",0,0,"D",0,0,"D","2007-08"
"5559","29/09/07","Wigan","Liverpool",0,1,"A",0,0,"D","2007-08"
"5568","7/10/2007","Liverpool","Tottenham",2,2,"D",1,1,"D","2007-08"
"5575","20/10/07","Everton","Liverpool",1,2,"A",1,0,"H","2007-08"
"5590","28/10/07","Liverpool","Arsenal",1,1,"D",1,0,"H","2007-08"
"5594","3/11/2007","Blackburn","Liverpool",0,0,"D",0,0,"D","2007-08"
"5603","10/11/2007","Liverpool","Fulham",2,0,"H",0,0,"D","2007-08"
"5619","24/11/07","Newcastle","Liverpool",0,3,"A",0,1,"A","2007-08"
"5630","2/12/2007","Liverpool","Bolton",4,0,"H",2,0,"H","2007-08"
"5639","8/12/2007","Reading","Liverpool",3,1,"H",1,1,"D","2007-08"
"5653","16/12/07","Liverpool","Man United",0,1,"A",0,1,"A","2007-08"
"5658","22/12/07","Liverpool","Portsmouth",4,1,"H",2,0,"H","2007-08"
"5666","26/12/07","Derby","Liverpool",1,2,"A",0,1,"A","2007-08"
"5683","30/12/07","Man City","Liverpool",0,0,"D",0,0,"D","2007-08"
"5692","2/1/2008","Liverpool","Wigan",1,1,"D",0,0,"D","2007-08"
"5700","12/1/2008","Middlesbrough","Liverpool",1,1,"D",1,0,"H","2007-08"
"5713","21/01/08","Liverpool","Aston Villa",2,2,"D",1,0,"H","2007-08"
"5723","30/01/08","West Ham","Liverpool",1,0,"H",0,0,"D","2007-08"
"5726","2/2/2008","Liverpool","Sunderland",3,0,"H",0,0,"D","2007-08"
"5741","10/2/2008","Chelsea","Liverpool",0,0,"D",0,0,"D","2007-08"
"5746","23/02/08","Liverpool","Middlesbrough",3,2,"H",2,1,"H","2007-08"
"5761","2/3/2008","Bolton","Liverpool",1,3,"A",0,1,"A","2007-08"
"5763","5/3/2008","Liverpool","West Ham",4,0,"H",1,0,"H","2007-08"
"5765","8/3/2008","Liverpool","Newcastle",3,0,"H",2,0,"H","2007-08"
"5775","15/03/08","Liverpool","Reading",2,1,"H",1,1,"D","2007-08"
"5794","23/03/08","Man United","Liverpool",3,0,"H",1,0,"H","2007-08"
"5803","30/03/08","Liverpool","Everton",1,0,"H",1,0,"H","2007-08"
"5805","5/4/2008","Arsenal","Liverpool",1,1,"D",0,1,"A","2007-08"
"5822","13/04/08","Liverpool","Blackburn",3,1,"H",0,0,"D","2007-08"
"5828","19/04/08","Fulham","Liverpool",0,2,"A",0,1,"A","2007-08"
"5835","26/04/08","Birmingham","Liverpool",2,2,"D",1,0,"H","2007-08"
"5853","4/5/2008","Liverpool","Man City",1,0,"H",0,0,"D","2007-08"
"5862","11/5/2008","Tottenham","Liverpool",0,2,"A",0,0,"D","2007-08"
"5870","16/08/08","Sunderland","Liverpool",0,1,"A",0,0,"D","2008-09"
"5877","23/08/08","Liverpool","Middlesbrough",2,1,"H",0,0,"D","2008-09"
"5891","31/08/08","Aston Villa","Liverpool",0,0,"D",0,0,"D","2008-09"
"5896","13/09/08","Liverpool","Man United",2,1,"H",1,1,"D","2008-09"
"5906","20/09/08","Liverpool","Stoke",0,0,"D",0,0,"D","2008-09"
"5916","27/09/08","Everton","Liverpool",0,2,"A",0,0,"D","2008-09"
"5930","5/10/2008","Man City","Liverpool",2,3,"A",2,0,"H","2008-09"
"5938","18/10/08","Liverpool","Wigan",3,2,"H",1,2,"A","2008-09"
"5948","26/10/08","Chelsea","Liverpool",0,1,"A",0,1,"A","2008-09"
"5960","29/10/08","Liverpool","Portsmouth",1,0,"H",0,0,"D","2008-09"
"5970","1/11/2008","Tottenham","Liverpool",2,1,"H",0,1,"A","2008-09"
"5976","8/11/2008","Liverpool","West Brom",3,0,"H",2,0,"H","2008-09"
"5986","15/11/08","Bolton","Liverpool",0,2,"A",0,1,"A","2008-09"
"5996","22/11/08","Liverpool","Fulham",0,0,"D",0,0,"D","2008-09"
"6013","1/12/2008","Liverpool","West Ham",0,0,"D",0,0,"D","2008-09"
"6015","6/12/2008","Blackburn","Liverpool",1,3,"A",0,0,"D","2008-09"
"6025","13/12/08","Liverpool","Hull",2,2,"D",2,2,"D","2008-09"
"6039","21/12/08","Arsenal","Liverpool",1,1,"D",1,1,"D","2008-09"
"6045","26/12/08","Liverpool","Bolton",3,0,"H",1,0,"H","2008-09"
"6058","28/12/08","Newcastle","Liverpool",1,5,"A",1,2,"A","2008-09"
"6068","10/1/2009","Stoke","Liverpool",0,0,"D",0,0,"D","2008-09"
"6081","19/01/09","Liverpool","Everton",1,1,"D",0,0,"D","2008-09"
"6091","28/01/09","Wigan","Liverpool",1,1,"D",0,1,"A","2008-09"
"6100","1/2/2009","Liverpool","Chelsea",2,0,"H",0,0,"D","2008-09"
"6106","7/2/2009","Portsmouth","Liverpool",2,3,"A",0,0,"D","2008-09"
"6121","22/02/09","Liverpool","Man City",1,1,"D",0,0,"D","2008-09"
"6127","28/02/09","Middlesbrough","Liverpool",2,0,"H",1,0,"H","2008-09"
"6132","3/3/2009","Liverpool","Sunderland",2,0,"H",0,0,"D","2008-09"
"6148","14/03/09","Man United","Liverpool",1,4,"A",1,2,"A","2008-09"
"6161","22/03/09","Liverpool","Aston Villa",5,0,"H",3,0,"H","2008-09"
"6167","4/4/2009","Fulham","Liverpool",0,1,"A",0,0,"D","2008-09"
"6175","11/4/2009","Liverpool","Blackburn",4,0,"H",2,0,"H","2008-09"
"6191","21/04/09","Liverpool","Arsenal",4,4,"D",0,1,"A","2008-09"
"6197","25/04/09","Hull","Liverpool",1,3,"A",0,1,"A","2008-09"
"6211","3/5/2009","Liverpool","Newcastle",3,0,"H",2,0,"H","2008-09"
"6220","9/5/2009","West Ham","Liverpool",0,3,"A",0,2,"A","2008-09"
"6233","17/05/09","West Brom","Liverpool",0,2,"A",0,1,"A","2008-09"
"6240","24/05/09","Liverpool","Tottenham",3,1,"H",1,0,"H","2008-09"
"6254","16/08/09","Tottenham","Liverpool",2,1,"H",1,0,"H","2009-10"
"6260","19/08/09","Liverpool","Stoke",4,0,"H",2,0,"H","2009-10"
"6270","24/08/09","Liverpool","Aston Villa",1,3,"A",0,2,"A","2009-10"
"6272","29/08/09","Bolton","Liverpool",2,3,"A",1,1,"D","2009-10"
"6282","12/9/2009","Liverpool","Burnley",4,0,"H",2,0,"H","2009-10"
"6296","19/09/09","West Ham","Liverpool",2,3,"A",2,2,"D","2009-10"
"6304","26/09/09","Liverpool","Hull",6,1,"H",2,1,"H","2009-10"
"6317","4/10/2009","Chelsea","Liverpool",2,0,"H",0,0,"D","2009-10"
"6327","17/10/09","Sunderland","Liverpool",1,0,"H",1,0,"H","2009-10"
"6338","25/10/09","Liverpool","Man United",2,0,"H",0,0,"D","2009-10"
"6345","31/10/09","Fulham","Liverpool",3,1,"H",1,1,"D","2009-10"
"6361","9/11/2009","Liverpool","Birmingham",2,2,"D",1,2,"A","2009-10"
"6366","21/11/09","Liverpool","Man City",2,2,"D",0,0,"D","2009-10"
"6382","29/11/09","Everton","Liverpool",0,2,"A",0,1,"A","2009-10"
"6386","5/12/2009","Blackburn","Liverpool",0,0,"D",0,0,"D","2009-10"
"6403","13/12/09","Liverpool","Arsenal",1,2,"A",1,0,"H","2009-10"
"6410","16/12/09","Liverpool","Wigan",2,1,"H",1,0,"H","2009-10"
"6417","19/12/09","Portsmouth","Liverpool",2,0,"H",1,0,"H","2009-10"
"6424","26/12/09","Liverpool","Wolves",2,0,"H",0,0,"D","2009-10"
"6437","29/12/09","Aston Villa","Liverpool",0,1,"A",0,0,"D","2009-10"
"6448","16/01/10","Stoke","Liverpool",1,1,"D",0,0,"D","2009-10"
"6455","20/01/10","Liverpool","Tottenham",2,0,"H",1,0,"H","2009-10"
"6460","26/01/10","Wolves","Liverpool",0,0,"D",0,0,"D","2009-10"
"6469","30/01/10","Liverpool","Bolton",2,0,"H",1,0,"H","2009-10"
"6480","6/2/2010","Liverpool","Everton",1,0,"H",0,0,"D","2009-10"
"6491","10/2/2010","Arsenal","Liverpool",1,0,"H",0,0,"D","2009-10"
"6507","21/02/10","Man City","Liverpool",0,0,"D",0,0,"D","2009-10"
"6515","28/02/10","Liverpool","Blackburn",2,1,"H",2,1,"H","2009-10"
"6522","8/3/2010","Wigan","Liverpool",1,0,"H",1,0,"H","2009-10"
"6535","15/03/10","Liverpool","Portsmouth",4,1,"H",3,0,"H","2009-10"
"6546","21/03/10","Man United","Liverpool",2,1,"H",1,1,"D","2009-10"
"6560","28/03/10","Liverpool","Sunderland",3,0,"H",2,0,"H","2009-10"
"6569","4/4/2010","Birmingham","Liverpool",1,1,"D",0,0,"D","2009-10"
"6575","11/4/2010","Liverpool","Fulham",0,0,"D",0,0,"D","2009-10"
"6591","19/04/10","Liverpool","West Ham",3,0,"H",2,0,"H","2009-10"
"6600","25/04/10","Burnley","Liverpool",0,4,"A",0,0,"D","2009-10"
"6609","2/5/2010","Liverpool","Chelsea",0,2,"A",0,1,"A","2009-10"
"6621","9/5/2010","Hull","Liverpool",0,0,"D",0,0,"D","2009-10"
"6633","15/08/10","Liverpool","Arsenal",1,1,"D",0,0,"D","2010-11"
"6644","23/08/10","Man City","Liverpool",3,0,"H",1,0,"H","2010-11"
"6653","29/08/10","Liverpool","West Brom",1,0,"H",0,0,"D","2010-11"
"6663","12/9/2010","Birmingham","Liverpool",0,0,"D",0,0,"D","2010-11"
"6673","19/09/10","Man United","Liverpool",3,2,"H",1,0,"H","2010-11"
"6679","25/09/10","Liverpool","Sunderland",2,2,"D",1,1,"D","2010-11"
"6693","3/10/2010","Liverpool","Blackpool",1,2,"A",0,2,"A","2010-11"
"6703","17/10/10","Everton","Liverpool",2,0,"H",1,0,"H","2010-11"
"6712","24/10/10","Liverpool","Blackburn",2,1,"H",0,0,"D","2010-11"
"6722","31/10/10","Bolton","Liverpool",0,1,"A",0,0,"D","2010-11"
"6733","7/11/2010","Liverpool","Chelsea",2,0,"H",2,0,"H","2010-11"
"6743","10/11/2010","Wigan","Liverpool",1,1,"D",0,1,"A","2010-11"
"6748","13/11/10","Stoke","Liverpool",2,0,"H",0,0,"D","2010-11"
"6759","20/11/10","Liverpool","West Ham",3,0,"H",3,0,"H","2010-11"
"6774","28/11/10","Tottenham","Liverpool",2,1,"H",0,1,"A","2010-11"
"6783","6/12/2010","Liverpool","Aston Villa",3,0,"H",2,0,"H","2010-11"
"6787","11/12/2010","Newcastle","Liverpool",3,1,"H",1,0,"H","2010-11"
"6813","29/12/10","Liverpool","Wolves",0,1,"A",0,0,"D","2010-11"
"6816","1/1/2011","Liverpool","Bolton",2,1,"H",0,1,"A","2010-11"
"6830","5/1/2011","Blackburn","Liverpool",3,1,"H",2,0,"H","2010-11"
"6835","12/1/2011","Blackpool","Liverpool",2,1,"H",1,1,"D","2010-11"
"6843","16/01/11","Liverpool","Everton",2,2,"D",1,0,"H","2010-11"
"6853","22/01/11","Wolves","Liverpool",0,3,"A",0,1,"A","2010-11"
"6858","26/01/11","Liverpool","Fulham",1,0,"H",0,0,"D","2010-11"
"6868","2/2/2011","Liverpool","Stoke",2,0,"H",0,0,"D","2010-11"
"6877","6/2/2011","Chelsea","Liverpool",0,1,"A",0,0,"D","2010-11"
"6883","12/2/2011","Liverpool","Wigan",1,1,"D",1,0,"H","2010-11"
"6899","27/02/11","West Ham","Liverpool",3,1,"H",2,0,"H","2010-11"
"6909","6/3/2011","Liverpool","Man United",3,1,"H",2,0,"H","2010-11"
"6922","20/03/11","Sunderland","Liverpool",0,2,"A",0,1,"A","2010-11"
"6928","2/4/2011","West Brom","Liverpool",2,1,"H",0,0,"D","2010-11"
"6942","11/4/2011","Liverpool","Man City",3,0,"H",3,0,"H","2010-11"
"6948","17/04/11","Arsenal","Liverpool",1,1,"D",0,0,"D","2010-11"
"6955","23/04/11","Liverpool","Birmingham",5,0,"H",2,0,"H","2010-11"
"6972","1/5/2011","Liverpool","Newcastle",3,0,"H",1,0,"H","2010-11"
"6983","9/5/2011","Fulham","Liverpool",2,5,"A",0,3,"A","2010-11"
"6992","15/05/11","Liverpool","Tottenham",0,2,"A",0,1,"A","2010-11"
"6995","22/05/11","Aston Villa","Liverpool",1,0,"H",1,0,"H","2010-11"
"7007","13/08/11","Liverpool","Sunderland",1,1,"D",1,0,"H","2011-12"
"7014","20/08/11","Arsenal","Liverpool",0,2,"A",0,0,"D","2011-12"
"7027","27/08/11","Liverpool","Bolton",3,1,"H",1,0,"H","2011-12"
"7038","10/9/2011","Stoke","Liverpool",1,0,"H",1,0,"H","2011-12"
"7053","18/09/11","Tottenham","Liverpool",4,0,"H",1,0,"H","2011-12"
"7056","24/09/11","Liverpool","Wolves",2,1,"H",2,0,"H","2011-12"
"7066","1/10/2011","Everton","Liverpool",0,2,"A",0,0,"D","2011-12"
"7075","15/10/11","Liverpool","Man United",1,1,"D",0,0,"D","2011-12"
"7086","22/10/11","Liverpool","Norwich",1,1,"D",1,0,"H","2011-12"
"7100","29/10/11","West Brom","Liverpool",0,2,"A",0,2,"A","2011-12"
"7107","5/11/2011","Liverpool","Swansea",0,0,"D",0,0,"D","2011-12"
"7122","20/11/11","Chelsea","Liverpool",1,2,"A",0,1,"A","2011-12"
"7132","27/11/11","Liverpool","Man City",1,1,"D",1,1,"D","2011-12"
"7143","5/12/2011","Fulham","Liverpool",1,0,"H",0,0,"D","2011-12"
"7146","10/12/2011","Liverpool","QPR",1,0,"H",0,0,"D","2011-12"
"7160","18/12/11","Aston Villa","Liverpool",0,2,"A",0,2,"A","2011-12"
"7172","21/12/11","Wigan","Liverpool",0,0,"D",0,0,"D","2011-12"
"7176","26/12/11","Liverpool","Blackburn",1,1,"D",0,1,"A","2011-12"
"7184","30/12/11","Liverpool","Newcastle",3,1,"H",1,1,"D","2011-12"
"7199","3/1/2012","Man City","Liverpool",3,0,"H",2,0,"H","2011-12"
"7208","14/01/12","Liverpool","Stoke",0,0,"D",0,0,"D","2011-12"
"7215","21/01/12","Bolton","Liverpool",3,1,"H",2,1,"H","2011-12"
"7229","31/01/12","Wolves","Liverpool",0,3,"A",0,0,"D","2011-12"
"7244","6/2/2012","Liverpool","Tottenham",0,0,"D",0,0,"D","2011-12"
"7249","11/2/2012","Man United","Liverpool",2,1,"H",0,0,"D","2011-12"
"7265","3/3/2012","Liverpool","Arsenal",1,2,"A",1,1,"D","2011-12"
"7278","10/3/2012","Sunderland","Liverpool",1,0,"H",0,0,"D","2011-12"
"7284","13/03/12","Liverpool","Everton",3,0,"H",1,0,"H","2011-12"
"7292","21/03/12","QPR","Liverpool",3,2,"H",0,0,"D","2011-12"
"7297","24/03/12","Liverpool","Wigan",1,2,"A",0,1,"A","2011-12"
"7311","1/4/2012","Newcastle","Liverpool",2,0,"H",1,0,"H","2011-12"
"7317","7/4/2012","Liverpool","Aston Villa",1,1,"D",0,1,"A","2011-12"
"7329","10/4/2012","Blackburn","Liverpool",2,3,"A",1,2,"A","2011-12"
"7347","22/04/12","Liverpool","West Brom",0,1,"A",0,0,"D","2011-12"
"7352","28/04/12","Norwich","Liverpool",0,3,"A",0,2,"A","2011-12"
"7361","1/5/2012","Liverpool","Fulham",0,1,"A",0,1,"A","2011-12"
"7374","8/5/2012","Liverpool","Chelsea",4,1,"H",3,0,"H","2011-12"
"7381","13/05/12","Swansea","Liverpool",1,0,"H",0,0,"D","2011-12"
"7390","18/08/12","West Brom","Liverpool",3,0,"H",1,0,"H","2012-13"
"7403","26/08/12","Liverpool","Man City",2,2,"D",1,0,"H","2012-13"
"7411","2/9/2012","Liverpool","Arsenal",0,2,"A",0,1,"A","2012-13"
"7421","15/09/12","Sunderland","Liverpool",1,1,"D",1,0,"H","2012-13"
"7430","23/09/12","Liverpool","Man United",1,2,"A",0,0,"D","2012-13"
"7438","29/09/12","Norwich","Liverpool",2,5,"A",0,2,"A","2012-13"
"7450","7/10/2012","Liverpool","Stoke",0,0,"D",0,0,"D","2012-13"
"7455","20/10/12","Liverpool","Reading",1,0,"H",1,0,"H","2012-13"
"7471","28/10/12","Everton","Liverpool",2,2,"D",2,2,"D","2012-13"
"7481","4/11/2012","Liverpool","Newcastle",1,1,"D",0,1,"A","2012-13"
"7491","11/11/2012","Chelsea","Liverpool",1,1,"D",1,0,"H","2012-13"
"7495","17/11/12","Liverpool","Wigan",3,0,"H",0,0,"D","2012-13"
"7512","25/11/12","Swansea","Liverpool",0,0,"D",0,0,"D","2012-13"
"7522","28/11/12","Tottenham","Liverpool",2,1,"H",2,0,"H","2012-13"
"7526","1/12/2012","Liverpool","Southampton",1,0,"H",1,0,"H","2012-13"
"7542","9/12/2012","West Ham","Liverpool",2,3,"A",2,1,"H","2012-13"
"7545","15/12/12","Liverpool","Aston Villa",1,3,"A",0,2,"A","2012-13"
"7554","22/12/12","Liverpool","Fulham",4,0,"H",2,0,"H","2012-13"
"7571","26/12/12","Stoke","Liverpool",3,1,"H",2,1,"H","2012-13"
"7582","30/12/12","QPR","Liverpool",0,3,"A",0,3,"A","2012-13"
"7591","2/1/2013","Liverpool","Sunderland",3,0,"H",2,0,"H","2012-13"
"7602","13/01/13","Man United","Liverpool",2,1,"H",1,0,"H","2012-13"
"7604","19/01/13","Liverpool","Norwich",5,0,"H",2,0,"H","2012-13"
"7619","30/01/13","Arsenal","Liverpool",2,2,"D",0,1,"A","2012-13"
"7633","3/2/2013","Man City","Liverpool",2,2,"D",1,1,"D","2012-13"
"7644","11/2/2013","Liverpool","West Brom",0,2,"A",0,0,"D","2012-13"
"7645","17/02/13","Liverpool","Swansea",5,0,"H",1,0,"H","2012-13"
"7662","2/3/2013","Wigan","Liverpool",0,4,"A",0,3,"A","2012-13"
"7669","10/3/2013","Liverpool","Tottenham",3,2,"H",1,1,"D","2012-13"
"7674","16/03/13","Southampton","Liverpool",3,1,"H",2,1,"H","2012-13"
"7689","31/03/13","Aston Villa","Liverpool",1,2,"A",1,0,"H","2012-13"
"7696","7/4/2013","Liverpool","West Ham",0,0,"D",0,0,"D","2012-13"
"7704","13/04/13","Reading","Liverpool",0,0,"D",0,0,"D","2012-13"
"7719","21/04/13","Liverpool","Chelsea",2,2,"D",0,1,"A","2012-13"
"7724","27/04/13","Newcastle","Liverpool",0,6,"A",0,2,"A","2012-13"
"7739","5/5/2013","Liverpool","Everton",0,0,"D",0,0,"D","2012-13"
"7747","12/5/2013","Fulham","Liverpool",1,3,"A",1,1,"D","2012-13"
"7756","19/05/13","Liverpool","QPR",1,0,"H",1,0,"H","2012-13"
"7766","17/08/13","Liverpool","Stoke",1,0,"H",1,0,"H","2013-14"
"7776","24/08/13","Aston Villa","Liverpool",0,1,"A",0,1,"A","2013-14"
"7793","1/9/2013","Liverpool","Man United",1,0,"H",1,0,"H","2013-14"
"7804","16/09/13","Swansea","Liverpool",2,2,"D",1,2,"A","2013-14"
"7806","21/09/13","Liverpool","Southampton",0,1,"A",0,0,"D","2013-14"
"7823","29/09/13","Sunderland","Liverpool",1,3,"A",0,2,"A","2013-14"
"7828","5/10/2013","Liverpool","Crystal Palace",3,1,"H",3,0,"H","2013-14"
"7839","19/10/13","Newcastle","Liverpool",2,2,"D",1,1,"D","2013-14"
"7847","26/10/13","Liverpool","West Brom",4,1,"H",2,0,"H","2013-14"
"7855","2/11/2013","Arsenal","Liverpool",2,0,"H",1,0,"H","2013-14"
"7868","9/11/2013","Liverpool","Fulham",4,0,"H",3,0,"H","2013-14"
"7876","23/11/13","Everton","Liverpool",3,3,"D",1,2,"A","2013-14"
"7892","1/12/2013","Hull","Liverpool",3,1,"H",1,1,"D","2013-14"
"7898","4/12/2013","Liverpool","Norwich",5,1,"H",3,0,"H","2013-14"
"7906","7/12/2013","Liverpool","West Ham",4,1,"H",1,0,"H","2013-14"
"7924","15/12/13","Tottenham","Liverpool",0,5,"A",0,2,"A","2013-14"
"7927","21/12/13","Liverpool","Cardiff",3,1,"H",3,0,"H","2013-14"
"7940","26/12/13","Man City","Liverpool",2,1,"H",2,1,"H","2013-14"
"7951","29/12/13","Chelsea","Liverpool",2,1,"H",2,1,"H","2013-14"
"7958","1/1/2014","Liverpool","Hull",2,0,"H",1,0,"H","2013-14"
"7973","12/1/2014","Stoke","Liverpool",3,5,"A",2,2,"D","2013-14"
"7977","18/01/14","Liverpool","Aston Villa",2,2,"D",1,2,"A","2013-14"
"7986","28/01/14","Liverpool","Everton",4,0,"H",3,0,"H","2013-14"
"8003","2/2/2014","West Brom","Liverpool",1,1,"D",0,1,"A","2013-14"
"8008","8/2/2014","Liverpool","Arsenal",5,1,"H",4,0,"H","2013-14"
"8020","12/2/2014","Fulham","Liverpool",2,3,"A",1,1,"D","2013-14"
"8030","23/02/14","Liverpool","Swansea",4,3,"H",3,2,"H","2013-14"
"8036","1/3/2014","Southampton","Liverpool",0,3,"A",0,1,"A","2013-14"
"8054","16/03/14","Man United","Liverpool",0,3,"A",0,1,"A","2013-14"
"8056","22/03/14","Cardiff","Liverpool",3,6,"A",2,2,"D","2013-14"
"8069","26/03/14","Liverpool","Sunderland",2,1,"H",1,0,"H","2013-14"
"8079","30/03/14","Liverpool","Tottenham",4,0,"H",2,0,"H","2013-14"
"8089","6/4/2014","West Ham","Liverpool",1,2,"A",1,1,"D","2013-14"
"8097","13/04/14","Liverpool","Man City",3,2,"H",2,0,"H","2013-14"
"8110","20/04/14","Norwich","Liverpool",2,3,"A",0,2,"A","2013-14"
"8119","27/04/14","Liverpool","Chelsea",0,2,"A",0,1,"A","2013-14"
"8131","5/5/2014","Crystal Palace","Liverpool",3,3,"D",0,1,"A","2013-14"
"8138","11/5/2014","Liverpool","Newcastle",2,1,"H",0,1,"A","2013-14"
"8152","17/08/14","Liverpool","Southampton",2,1,"H",1,0,"H","2014-15"
"8164","25/08/14","Man City","Liverpool",3,1,"H",1,0,"H","2014-15"
"8174","31/08/14","Tottenham","Liverpool",0,3,"A",0,1,"A","2014-15"
"8178","13/09/14","Liverpool","Aston Villa",0,1,"A",0,1,"A","2014-15"
"8190","20/09/14","West Ham","Liverpool",3,1,"H",2,1,"H","2014-15"
"8199","27/09/14","Liverpool","Everton",1,1,"D",0,0,"D","2014-15"
"8208","4/10/2014","Liverpool","West Brom",2,1,"H",1,0,"H","2014-15"
"8222","19/10/14","QPR","Liverpool",2,3,"A",0,0,"D","2014-15"
"8225","25/10/14","Liverpool","Hull",0,0,"D",0,0,"D","2014-15"
"8240","1/11/2014","Newcastle","Liverpool",1,0,"H",0,0,"D","2014-15"
"8246","8/11/2014","Liverpool","Chelsea",1,2,"A",1,1,"D","2014-15"
"8262","23/11/14","Crystal Palace","Liverpool",3,1,"H",1,1,"D","2014-15"
"8266","29/11/14","Liverpool","Stoke",1,0,"H",0,0,"D","2014-15"
"8277","2/12/2014","Leicester","Liverpool",1,3,"A",1,1,"D","2014-15"
"8286","6/12/2014","Liverpool","Sunderland",0,0,"D",0,0,"D","2014-15"
"8302","14/12/14","Man United","Liverpool",3,0,"H",2,0,"H","2014-15"
"8312","21/12/14","Liverpool","Arsenal",2,2,"D",1,1,"D","2014-15"
"8316","26/12/14","Burnley","Liverpool",0,1,"A",0,0,"D","2014-15"
"8334","29/12/14","Liverpool","Swansea",4,1,"H",1,0,"H","2014-15"
"8337","1/1/2015","Liverpool","Leicester",2,2,"D",2,0,"H","2014-15"
"8350","10/1/2015","Sunderland","Liverpool",0,1,"A",0,1,"A","2014-15"
"8355","17/01/15","Aston Villa","Liverpool",0,2,"A",0,1,"A","2014-15"
"8368","31/01/15","Liverpool","West Ham",2,0,"H",0,0,"D","2014-15"
"8376","7/2/2015","Everton","Liverpool",0,0,"D",0,0,"D","2014-15"
"8387","10/2/2015","Liverpool","Tottenham",3,2,"H",1,1,"D","2014-15"
"8403","22/02/15","Southampton","Liverpool",0,2,"A",0,1,"A","2014-15"
"8412","1/3/2015","Liverpool","Man City",2,1,"H",1,1,"D","2014-15"
"8416","4/3/2015","Liverpool","Burnley",2,0,"H",1,0,"H","2014-15"
"8433","16/03/15","Swansea","Liverpool",0,1,"A",0,0,"D","2014-15"
"8442","22/03/15","Liverpool","Man United",1,2,"A",0,1,"A","2014-15"
"8444","4/4/2015","Arsenal","Liverpool",4,1,"H",3,0,"H","2014-15"
"8464","13/04/15","Liverpool","Newcastle",2,0,"H",1,0,"H","2014-15"
"8479","25/04/15","West Brom","Liverpool",0,0,"D",0,0,"D","2014-15"
"8482","28/04/15","Hull","Liverpool",1,0,"H",1,0,"H","2014-15"
"8486","2/5/2015","Liverpool","QPR",2,1,"H",1,0,"H","2014-15"
"8501","10/5/2015","Chelsea","Liverpool",1,1,"D",1,1,"D","2014-15"
"8505","16/05/15","Liverpool","Crystal Palace",1,3,"A",1,1,"D","2014-15"
"8524","24/05/15","Stoke","Liverpool",6,1,"H",5,0,"H","2014-15"
"8533","9/8/2015","Stoke","Liverpool",0,1,"A",0,0,"D","2015-16"
"8544","17/08/15","Liverpool","Bournemouth",1,0,"H",1,0,"H","2015-16"
"8554","24/08/15","Arsenal","Liverpool",0,0,"D",0,0,"D","2015-16"
"8558","29/08/15","Liverpool","West Ham",0,3,"A",0,2,"A","2015-16"
"8568","12/9/2015","Man United","Liverpool",3,1,"H",0,0,"D","2015-16"
"8582","20/09/15","Liverpool","Norwich",1,1,"D",0,0,"D","2015-16"
"8586","26/09/15","Liverpool","Aston Villa",3,2,"H",1,0,"H","2015-16"
"8603","4/10/2015","Everton","Liverpool",1,1,"D",1,1,"D","2015-16"
"8610","17/10/15","Tottenham","Liverpool",0,0,"D",0,0,"D","2015-16"
"8622","25/10/15","Liverpool","Southampton",1,1,"D",0,0,"D","2015-16"
"8625","31/10/15","Chelsea","Liverpool",1,3,"A",1,1,"D","2015-16"
"8644","8/11/2015","Liverpool","Crystal Palace",1,2,"A",1,1,"D","2015-16"
"8647","21/11/15","Man City","Liverpool",1,4,"A",1,3,"A","2015-16"
"8661","29/11/15","Liverpool","Swansea",1,0,"H",0,0,"D","2015-16"
"8673","6/12/2015","Newcastle","Liverpool",2,0,"H",0,0,"D","2015-16"
"8682","13/12/15","Liverpool","West Brom",2,2,"D",1,1,"D","2015-16"
"8693","20/12/15","Watford","Liverpool",3,0,"H",2,0,"H","2015-16"
"8698","26/12/15","Liverpool","Leicester",1,0,"H",0,0,"D","2015-16"
"8714","30/12/15","Sunderland","Liverpool",0,1,"A",0,0,"D","2015-16"
"8722","2/1/2016","West Ham","Liverpool",2,0,"H",1,0,"H","2015-16"
"8729","13/01/16","Liverpool","Arsenal",3,3,"D",2,2,"D","2015-16"
"8742","17/01/16","Liverpool","Man United",0,1,"A",0,0,"D","2015-16"
"8748","23/01/16","Norwich","Liverpool",4,5,"A",2,1,"H","2015-16"
"8757","2/2/2016","Leicester","Liverpool",2,0,"H",0,0,"D","2015-16"
"8766","6/2/2016","Liverpool","Sunderland",2,2,"D",0,0,"D","2015-16"
"8783","14/02/16","Aston Villa","Liverpool",0,6,"A",0,2,"A","2015-16"
"8799","2/3/2016","Liverpool","Man City",3,0,"H",2,0,"H","2015-16"
"8811","6/3/2016","Crystal Palace","Liverpool",1,2,"A",0,0,"D","2015-16"
"8826","20/03/16","Southampton","Liverpool",3,2,"H",0,2,"A","2015-16"
"8831","2/4/2016","Liverpool","Tottenham",1,1,"D",0,0,"D","2015-16"
"8845","10/4/2016","Liverpool","Stoke",4,1,"H",2,1,"H","2015-16"
"8856","17/04/16","Bournemouth","Liverpool",1,2,"A",0,2,"A","2015-16"
"8860","20/04/16","Liverpool","Everton",4,0,"H",2,0,"H","2015-16"
"8866","23/04/16","Liverpool","Newcastle",2,2,"D",2,0,"H","2015-16"
"8879","1/5/2016","Swansea","Liverpool",3,1,"H",2,0,"H","2015-16"
"8888","8/5/2016","Liverpool","Watford",2,0,"H",1,0,"H","2015-16"
"8892","11/5/2016","Liverpool","Chelsea",1,1,"D",0,1,"A","2015-16"
"8903","15/05/16","West Brom","Liverpool",1,1,"D",1,1,"D","2015-16"
"8912","14/08/16","Arsenal","Liverpool",3,4,"A",1,1,"D","2016-17"
"8916","20/08/16","Burnley","Liverpool",2,0,"H",2,0,"H","2016-17"
"8931","27/08/16","Tottenham","Liverpool",1,1,"D",0,1,"A","2016-17"
"8938","10/9/2016","Liverpool","Leicester",4,1,"H",2,1,"H","2016-17"
"8945","16/09/16","Chelsea","Liverpool",1,2,"A",0,2,"A","2016-17"
"8957","24/09/16","Liverpool","Hull",5,1,"H",3,0,"H","2016-17"
"8968","1/10/2016","Swansea","Liverpool",1,2,"A",1,0,"H","2016-17"
"8984","17/10/16","Liverpool","Man United",0,0,"D",0,0,"D","2016-17"
"8990","22/10/16","Liverpool","West Brom",2,1,"H",2,0,"H","2016-17"
"8995","29/10/16","Crystal Palace","Liverpool",2,4,"A",2,3,"A","2016-17"
"9013","6/11/2016","Liverpool","Watford",6,1,"H",3,0,"H","2016-17"
"9018","19/11/16","Southampton","Liverpool",0,0,"D",0,0,"D","2016-17"
"9029","26/11/16","Liverpool","Sunderland",2,0,"H",0,0,"D","2016-17"
"9042","4/12/2016","Bournemouth","Liverpool",4,3,"H",0,2,"A","2016-17"
"9052","11/12/2016","Liverpool","West Ham",2,2,"D",1,2,"A","2016-17"
"9059","14/12/16","Middlesbrough","Liverpool",0,3,"A",0,1,"A","2016-17"
"9074","19/12/16","Everton","Liverpool",0,1,"A",0,0,"D","2016-17"
"9083","27/12/16","Liverpool","Stoke",4,1,"H",2,1,"H","2016-17"
"9089","31/12/16","Liverpool","Man City",1,0,"H",1,0,"H","2016-17"
"9098","2/1/2017","Sunderland","Liverpool",2,2,"D",1,1,"D","2016-17"
"9114","15/01/17","Man United","Liverpool",1,1,"D",0,1,"A","2016-17"
"9117","21/01/17","Liverpool","Swansea",2,3,"A",0,0,"D","2016-17"
"9128","31/01/17","Liverpool","Chelsea",1,1,"D",0,1,"A","2016-17"
"9138","4/2/2017","Hull","Liverpool",2,0,"H",1,0,"H","2016-17"
"9146","11/2/2017","Liverpool","Tottenham",2,0,"H",2,0,"H","2016-17"
"9162","27/02/17","Leicester","Liverpool",3,1,"H",2,0,"H","2016-17"
"9164","4/3/2017","Liverpool","Arsenal",3,1,"H",2,0,"H","2016-17"
"9177","12/3/2017","Liverpool","Burnley",2,1,"H",1,1,"D","2016-17"
"9185","19/03/17","Man City","Liverpool",1,1,"D",0,0,"D","2016-17"
"9192","1/4/2017","Liverpool","Everton",3,1,"H",2,1,"H","2016-17"
"9205","5/4/2017","Liverpool","Bournemouth",2,2,"D",1,1,"D","2016-17"
"9211","8/4/2017","Stoke","Liverpool",1,2,"A",1,0,"H","2016-17"
"9226","16/04/17","West Brom","Liverpool",0,1,"A",0,1,"A","2016-17"
"9233","23/04/17","Liverpool","Crystal Palace",1,2,"A",1,1,"D","2016-17"
"9248","1/5/2017","Watford","Liverpool",0,1,"A",0,1,"A","2016-17"
"9257","7/5/2017","Liverpool","Southampton",0,0,"D",0,0,"D","2016-17"
"9269","14/05/17","West Ham","Liverpool",0,4,"A",0,1,"A","2016-17"
"9280","21/05/17","Liverpool","Middlesbrough",3,0,"H",1,0,"H","2016-17"
"9291","12/8/2017","Watford","Liverpool",3,3,"D",2,1,"H","2017-18"
"9298","19/08/17","Liverpool","Crystal Palace",1,0,"H",0,0,"D","2017-18"
"9312","27/08/17","Liverpool","Arsenal",4,0,"H",2,0,"H","2017-18"
"9319","9/9/2017","Man City","Liverpool",5,0,"H",2,0,"H","2017-18"
"9328","16/09/17","Liverpool","Burnley",1,1,"D",1,1,"D","2017-18"
"9337","23/09/17","Leicester","Liverpool",2,3,"A",1,2,"A","2017-18"
"9354","1/10/2017","Newcastle","Liverpool",1,1,"D",1,1,"D","2017-18"
"9357","14/10/17","Liverpool","Man United",0,0,"D",0,0,"D","2017-18"
"9374","22/10/17","Tottenham","Liverpool",4,1,"H",3,1,"H","2017-18"
"9378","28/10/17","Liverpool","Huddersfield",3,0,"H",0,0,"D","2017-18"
"9390","4/11/2017","West Ham","Liverpool",1,4,"A",0,2,"A","2017-18"
"9400","18/11/17","Liverpool","Southampton",3,0,"H",2,0,"H","2017-18"
"9407","25/11/17","Liverpool","Chelsea",1,1,"D",0,0,"D","2017-18"
"9424","29/11/17","Stoke","Liverpool",0,3,"A",0,1,"A","2017-18"
"9426","2/12/2017","Brighton","Liverpool",1,5,"A",0,2,"A","2017-18"
"9442","10/12/2017","Liverpool","Everton",1,1,"D",1,0,"H","2017-18"
"9448","13/12/17","Liverpool","West Brom",0,0,"D",0,0,"D","2017-18"
"9462","17/12/17","Bournemouth","Liverpool",0,4,"A",0,3,"A","2017-18"
"9465","22/12/17","Arsenal","Liverpool",3,3,"D",0,1,"A","2017-18"
"9478","26/12/17","Liverpool","Swansea",5,0,"H",1,0,"H","2017-18"
"9488","30/12/17","Liverpool","Leicester",2,1,"H",0,1,"A","2017-18"
"9495","1/1/2018","Burnley","Liverpool",1,2,"A",0,0,"D","2017-18"
"9513","14/01/18","Liverpool","Man City",4,3,"H",1,1,"D","2017-18"
"9524","22/01/18","Swansea","Liverpool",1,0,"H",1,0,"H","2017-18"
"9525","30/01/18","Huddersfield","Liverpool",0,3,"A",0,2,"A","2017-18"
"9543","4/2/2018","Liverpool","Tottenham",2,2,"D",1,0,"H","2017-18"
"9553","11/2/2018","Southampton","Liverpool",0,2,"A",0,2,"A","2017-18"
"9559","24/02/18","Liverpool","West Ham",4,1,"H",1,0,"H","2017-18"
"9567","3/3/2018","Liverpool","Newcastle",2,0,"H",1,0,"H","2017-18"
"9578","10/3/2018","Man United","Liverpool",2,1,"H",2,0,"H","2017-18"
"9587","17/03/18","Liverpool","Watford",5,0,"H",2,0,"H","2017-18"
"9590","31/03/18","Crystal Palace","Liverpool",1,2,"A",1,0,"H","2017-18"
"9601","7/4/2018","Everton","Liverpool",0,0,"D",0,0,"D","2017-18"
"9612","14/04/18","Liverpool","Bournemouth",3,0,"H",1,0,"H","2017-18"
"9624","21/04/18","West Brom","Liverpool",2,2,"D",0,1,"A","2017-18"
"9632","28/04/18","Liverpool","Stoke",0,0,"D",0,0,"D","2017-18"
"9647","6/5/2018","Chelsea","Liverpool",1,0,"H",1,0,"H","2017-18"
"9658","13/05/18","Liverpool","Brighton",4,0,"H",2,0,"H","2017-18"
